﻿{"cameraMode":{"drawMode":0,"name":"Shaded","section":"Shading Mode"},"sceneLighting":true,"audioPlay":false,"sceneViewState":{"showFog":true,"showMaterialUpdate":false,"showSkybox":true,"showFlares":true,"showImageEffects":true,"showParticleSystems":true},"in2DMode":false,"pivot":{"x":-6.370987892150879,"y":-3.490016460418701,"z":7.727800369262695},"rotation":{"x":-0.1984679102897644,"y":-0.012645226903259755,"z":0.0025631978642195465,"w":-0.9800325036048889},"size":27.887460708618165,"orthographic":false}